checkpoint,size_bytes,size_mib,modified,sha256
/scratch/project_2019765/fnaveed/results/rice_ddp_resnet18/best_ddp_resnet18_rice.pt,44804875,42.7293,2026-07-14T12:28:00,2ad56c3acad84fb03c373a015c4c3dd080ab05370b4b3d908e8c5e89e359b413
/scratch/project_2019765/fnaveed/results/rice_ddp_resnet18/ddp_global_epoch_1.pt,44804299,42.7287,2026-07-14T12:27:59,0376125e75fe2e0a2fb1c82c97291524082aaa770563ced09586102088a8b951
/scratch/project_2019765/fnaveed/results/rice_ddp_resnet18/ddp_global_epoch_2.pt,44804299,42.7287,2026-07-14T12:28:13,58bf71da95bb1837014a9f3287d0d12901ebb4f49eda00afcadce60407012e19
/scratch/project_2019765/fnaveed/results/rice_ddp_resnet18/ddp_global_epoch_3.pt,44804299,42.7287,2026-07-14T12:28:27,3081656b866028f923ddb75e449672f4e1f40bc88ff8506a3d31f0b946b7f533
/scratch/project_2019765/fnaveed/results/rice_ddp_resnet18/ddp_global_epoch_4.pt,44804299,42.7287,2026-07-14T12:28:41,02a17d175034e37f23394edea864163b73ec8ff0db9dae51ee55f381345b1755
/scratch/project_2019765/fnaveed/results/rice_ddp_resnet18/ddp_global_epoch_5.pt,44804299,42.7287,2026-07-14T12:28:54,2ddfd78bde9ada26ebe00fb84157a351c7c69278aef592c4b049f87948c5e295
/scratch/project_2019765/fnaveed/results/rice_ddp_resnet18/ddp_global_epoch_6.pt,44804299,42.7287,2026-07-14T12:29:08,701d29cbf5cc080fc7d002b7404ae26038ba1f80e5268481663cc18a34dd5b1b
/scratch/project_2019765/fnaveed/results/rice_ddp_resnet18/ddp_global_epoch_7.pt,44804299,42.7287,2026-07-14T12:29:22,75b0bab2f148825e554521be97241dd7b69e4c8b725305ba000e255f461e68dc
/scratch/project_2019765/fnaveed/results/rice_ddp_resnet18/ddp_global_epoch_8.pt,44804299,42.7287,2026-07-14T12:29:36,a31ee458ec815874d7b15d2cf4c8dae55afd780655807a80dcd6bb8ffe80beaf
/scratch/project_2019765/fnaveed/results/rice_ddp_resnet18_smoke/best_ddp_resnet18_rice.pt,44804875,42.7293,2026-07-14T12:22:20,39106158c5c606e42502da939de4f41d258a9f73a02b2423127934390085cd32
/scratch/project_2019765/fnaveed/results/rice_ddp_resnet18_smoke/ddp_global_epoch_1.pt,44804299,42.7287,2026-07-14T12:22:20,d480184d2cea550b37e647f6adac934111acaa1c40f10e76b84e1e2d3cac72e8
/scratch/project_2019765/fnaveed/results/rice_efficientnetb0_grouped_v1/best_efficientnetb0_rice_grouped.pt,16379501,15.6207,2026-07-14T14:24:43,57dd9c32231bef7a25d1861fdfde79d58cea92bfb07f566dda4079c950ea1f1b
/scratch/project_2019765/fnaveed/results/rice_fedavg_iid_mobilenetv2/best_global_model.pt,9185547,8.76,2026-07-14T14:42:53,df27b522a016c1835e881f40dd698bffa5d0434dd9169f54ace809a61fb22962
/scratch/project_2019765/fnaveed/results/rice_fedavg_iid_mobilenetv2/global_model_round_1.pt,9185291,8.7598,2026-07-14T14:42:31,6edeaf8b30fe3c2f82abaa62698ec0a43f4290655ffe465539700413c3f77e2d
/scratch/project_2019765/fnaveed/results/rice_fedavg_iid_mobilenetv2/global_model_round_2.pt,9185291,8.7598,2026-07-14T14:42:53,b8d98461a4ea8de4abb2bd06763f65176a2dc0017e9098e27b772d25d4801fd2
/scratch/project_2019765/fnaveed/results/rice_fedavg_iid_mobilenetv2/global_model_round_3.pt,9185291,8.7598,2026-07-14T14:43:16,6658d9a5e0f97918fd549c0231bd248f7d582f148ff2e985b45bcccce623bdad
/scratch/project_2019765/fnaveed/results/rice_fedavg_iid_mobilenetv2/global_model_round_4.pt,9185291,8.7598,2026-07-14T14:43:38,0e78c3642dc33cbceabfb637dbb7df7289bed27ec0ea7281096439c5f9d667c7
/scratch/project_2019765/fnaveed/results/rice_fedavg_iid_mobilenetv2/global_model_round_5.pt,9185291,8.7598,2026-07-14T14:44:00,60c1f199ccef8ff7b9ede178ebe71d1beb89a9719a35ed9837a1c59ed68ef5d3
/scratch/project_2019765/fnaveed/results/rice_fedavg_iid_mobilenetv2/training_state.pt,9185611,8.7601,2026-07-14T14:44:00,386fa627f9104c9df81083e82dd3b0a6ddd48a63ee9b0c8c21ae5f7d72524e11
/scratch/project_2019765/fnaveed/results/rice_fedavg_iid_resnet18/best_global_model.pt,44804107,42.7285,2026-07-14T00:18:38,a24e1ad24486eaced70771bf3dd3282ac564a9a25d586ea783c9e5fe5545900e
/scratch/project_2019765/fnaveed/results/rice_fedavg_iid_resnet18/global_model_round_1.pt,44803339,42.7278,2026-07-14T00:18:39,9e71cfcadd6c7286e1395c4e1ee6e0fd4633dcb42bc7cd8914d5c316fbb3fc08
/scratch/project_2019765/fnaveed/results/rice_fedavg_iid_resnet18/global_model_round_2.pt,44803339,42.7278,2026-07-14T00:19:02,1d468ab04c89f72839a33c221fa635f88470dcef2e26b363e9f2ff55073f6b66
/scratch/project_2019765/fnaveed/results/rice_fedavg_iid_resnet18/global_model_round_3.pt,44803339,42.7278,2026-07-14T00:19:25,0ef1d1ee665019ef4e99dfd00370ea9823aa861139e571938e34301b02a3bac0
/scratch/project_2019765/fnaveed/results/rice_fedavg_iid_resnet18/global_model_round_4.pt,44803339,42.7278,2026-07-14T00:19:48,79cff65b92a2f4b640390344d7ca20b30e3ff24b6e942ca43ccb1bc420d56edf
/scratch/project_2019765/fnaveed/results/rice_fedavg_iid_resnet18/global_model_round_5.pt,44803339,42.7278,2026-07-14T00:20:11,864d585693314e36160e5cdadfe6576cce87cf08cc8d5e32325923a537c7b933
/scratch/project_2019765/fnaveed/results/rice_fedavg_iid_resnet18/training_state.pt,44804811,42.7292,2026-07-14T00:20:11,e714fc76a2f760a2772fee8e57c654f08639af7ffc9aafef976c5112b43d57d8
/scratch/project_2019765/fnaveed/results/rice_fedavg_iid_resnet18_smoke/best_global_model.pt,44804107,42.7285,2026-07-14T00:17:16,630c868c11f1b820beb990f176373e665fb0e216fba2dbb4cbdab5113a12c40b
/scratch/project_2019765/fnaveed/results/rice_fedavg_iid_resnet18_smoke/global_model_round_1.pt,44803339,42.7278,2026-07-14T00:17:16,bca7629664ba08a29f945ee23e6f6d553959a0576752755a8eb9f665c4be2221
/scratch/project_2019765/fnaveed/results/rice_fedavg_iid_resnet18_smoke/training_state.pt,44803915,42.7283,2026-07-14T00:17:16,c959b1f267c063376b4a507ca544824ad31f5203eb33cf50785a4c58f078e7ea
/scratch/project_2019765/fnaveed/results/rice_fedavg_noniid_mobilenetv2/best_global_model.pt,9185547,8.76,2026-07-14T14:42:31,56f52a7610879894094c1b7f078434212d1e783a1cde609401e1073ee77a3d14
/scratch/project_2019765/fnaveed/results/rice_fedavg_noniid_mobilenetv2/global_model_round_1.pt,9185291,8.7598,2026-07-14T14:42:31,2f423178c80178cefb268e3a659892a41039c3244685d19411fc0ee09b7f5804
/scratch/project_2019765/fnaveed/results/rice_fedavg_noniid_mobilenetv2/global_model_round_2.pt,9185291,8.7598,2026-07-14T14:42:53,5bfa8f6c2c4e6b08ea3693425aab3f4bd654ed10418b695b543c2d3a63cb610b
/scratch/project_2019765/fnaveed/results/rice_fedavg_noniid_mobilenetv2/global_model_round_3.pt,9185291,8.7598,2026-07-14T14:43:15,e38110908ce737764e6cf48c6ff2373064cc1a994daba8a88343b7f132716d6c
/scratch/project_2019765/fnaveed/results/rice_fedavg_noniid_mobilenetv2/global_model_round_4.pt,9185291,8.7598,2026-07-14T14:43:38,f8581e81af1665db54b375f6e6e8f3b98528bbeb43781e20eae773dc8dd3f5c6
/scratch/project_2019765/fnaveed/results/rice_fedavg_noniid_mobilenetv2/global_model_round_5.pt,9185291,8.7598,2026-07-14T14:44:00,da34a0fdca47f0614efd085ce3b143773a1015087993150fa8f2012784cc9e92
/scratch/project_2019765/fnaveed/results/rice_fedavg_noniid_mobilenetv2/training_state.pt,9185675,8.7601,2026-07-14T14:44:00,ae6129404565e2aa84e52841349fc5e5de18c242fc3718420b9fe5f844708482
/scratch/project_2019765/fnaveed/results/rice_fedavg_noniid_resnet18/best_global_model.pt,44804171,42.7286,2026-07-14T00:18:42,0addd9229d0f0959d4b95c76d180a6128eedff041e4a766c9b97c962159ce307
/scratch/project_2019765/fnaveed/results/rice_fedavg_noniid_resnet18/global_model_round_1.pt,44803339,42.7278,2026-07-14T00:18:42,0c87d025ab683beb96da96122c145115c571880e9f42df1156cf55509d707e8d
/scratch/project_2019765/fnaveed/results/rice_fedavg_noniid_resnet18/global_model_round_2.pt,44803339,42.7278,2026-07-14T00:19:05,36324324be6f62ec8fc5aa8b5bbeba7e8cb20ba7375c6d3f8d04508f3708ca27
/scratch/project_2019765/fnaveed/results/rice_fedavg_noniid_resnet18/global_model_round_3.pt,44803339,42.7278,2026-07-14T00:19:28,ddf965d8ef62c534d18d4f4bef6ef4f934a4b1932540ee302536ddc286629a3c
/scratch/project_2019765/fnaveed/results/rice_fedavg_noniid_resnet18/global_model_round_4.pt,44803339,42.7278,2026-07-14T00:19:51,e426dd0975d55a9fed152edf9912da2f8f23530e437556bedf23f5253e50fd9a
/scratch/project_2019765/fnaveed/results/rice_fedavg_noniid_resnet18/global_model_round_5.pt,44803339,42.7278,2026-07-14T00:20:14,f72c23c96a0fd23a9ff78f0fc0b80013079610eab0b814ab65adbeb80122da58
/scratch/project_2019765/fnaveed/results/rice_fedavg_noniid_resnet18/training_state.pt,44804811,42.7292,2026-07-14T00:20:14,47077f3037063aa1bbea70f3f69d724195bd9c14610b182d8476c0cc6aed0034
/scratch/project_2019765/fnaveed/results/rice_mobilenetv2_grouped_v1/best_mobilenetv2_rice_grouped.pt,9188619,8.7629,2026-07-14T14:24:25,b82086e2c77086a871da0a055afc4c2ba8d4f9dd3371fbab31c8ee057119ae2c
/scratch/project_2019765/fnaveed/results/rice_resnet18_grouped_seed123/best_resnet18_rice_grouped.pt,44804555,42.729,2026-07-13T23:27:50,1b2bc5e083d593a6d1c27c2994aaa426cdfead3e763b64079d3526beadd05e94
/scratch/project_2019765/fnaveed/results/rice_resnet18_grouped_seed2026/best_resnet18_rice_grouped.pt,44804555,42.729,2026-07-13T23:29:02,3bd342378c7ed6fab34acd325a204ca272a12becedb044daa5ac812a1d117897
/scratch/project_2019765/fnaveed/results/rice_resnet18_grouped_v1/best_resnet18_rice_grouped.pt,44804555,42.729,2026-07-13T23:06:40,ab52463e1846701c5a33da18edb426c641b06cfc76c6d53bc759f62c064c5efb
/scratch/project_2019765/fnaveed/results/wheat_resnet18_grouped_v2/best_resnet18_wheat_grouped_v2.pt,44805195,42.7296,2026-07-14T13:38:54,8e847a15a73c742352e17c8acb59795812991a3d3a8d1c8190044463428e1ad9
/scratch/project_2019765/fnaveed/results/wheat_resnet18_grouped_v2_smoke/best_resnet18_wheat_grouped_v2.pt,44805195,42.7296,2026-07-14T13:05:25,3fbdb3c52030681993b818ade5f34abefa96b9283c4b4fe1a7697ff23ff25f42
/scratch/project_2019765/fnaveed/results/wheat_resnet18_grouped_v3_sqrt_weights/best_resnet18_wheat_grouped_v3_sqrt_weights.pt,44806923,42.7312,2026-07-14T14:07:56,7f8de5d0e11c8723b4bd26a21ce0e6659f7cf5629a49a572ef4956a4437780c7
